TransactionID,Date,MerchantID,CategoryID,Debit_Amount
TX20236,02-01-2023,M5,C3,74.83
TX202310,03-01-2023,M6,C4,1165.1
TX202311,03-01-2023,M1,C1,331.74
TX202316,04-01-2023,M7,C4,1029.68
TX202318,04-01-2023,M7,C4,1369.92
TX202321,04-01-2023,M6,C4,1489.92
TX202322,04-01-2023,M1,C1,55.65
TX202324,05-01-2023,M2,C2,1436.45
TX202328,05-01-2023,M6,C4,681.99
TX202331,06-01-2023,M7,C4,1463.57
TX202334,06-01-2023,M4,C3,105.89
TX202335,07-01-2023,M4,C3,216.46
TX202339,07-01-2023,M5,C3,946.92
TX202340,08-01-2023,M6,C4,316.67
TX202341,08-01-2023,M2,C2,1440.44
TX202343,09-01-2023,M1,C1,1350.6
TX202344,09-01-2023,M2,C2,1255.36
TX202347,09-01-2023,M5,C3,1457.28
TX202349,10-01-2023,M4,C3,1107.69
TX202350,10-01-2023,M5,C3,193.97
TX202351,10-01-2023,M3,C2,936.13
TX202352,10-01-2023,M5,C3,893.51
TX202356,11-01-2023,M2,C2,462.05
TX202359,11-01-2023,M3,C2,972.62
TX202360,12-01-2023,M7,C4,1014.33
TX202361,12-01-2023,M5,C3,1361.62
TX202362,12-01-2023,M5,C3,591.52
TX202369,13-01-2023,M6,C4,361.47
TX202374,14-01-2023,M5,C3,540.63
TX202376,15-01-2023,M5,C3,574.06
TX202378,16-01-2023,M5,C3,1193.66
TX202379,16-01-2023,M8,C3,696.26
TX202383,16-01-2023,M7,C4,1204.54
TX202385,16-01-2023,M6,C4,960.77
TX202387,17-01-2023,M3,C2,389.57
TX202389,17-01-2023,M3,C2,1359.78
TX202390,17-01-2023,M2,C2,511.89
TX202391,17-01-2023,M5,C3,525.14
TX202392,17-01-2023,M8,C3,1439.43
TX202394,18-01-2023,M1,C1,480.81
TX202396,18-01-2023,M7,C4,765.39
TX202398,19-01-2023,M4,C3,967.39
TX202399,19-01-2023,M8,C3,523.86
TX2023100,19-01-2023,M4,C3,1007.72
TX2023101,19-01-2023,M5,C3,190.13
TX2023102,19-01-2023,M7,C4,1410.83
TX2023104,20-01-2023,M5,C3,143.88
TX2023107,21-01-2023,M5,C3,1231.4
TX2023113,21-01-2023,M4,C3,1379.11
TX2023117,21-01-2023,M6,C4,823.22
TX2023119,22-01-2023,M2,C2,269.95
TX2023121,22-01-2023,M1,C1,194.09
TX2023122,22-01-2023,M3,C2,853.63
TX2023124,22-01-2023,M8,C3,1383.71
TX2023125,22-01-2023,M7,C4,1034.52
TX2023128,23-01-2023,M8,C3,846.2
TX2023129,23-01-2023,M5,C3,927.91
TX2023131,24-01-2023,M7,C4,305.7
TX2023136,25-01-2023,M8,C3,209.58
TX2023137,25-01-2023,M3,C2,99.14
TX2023139,25-01-2023,M7,C4,961.01
TX2023142,26-01-2023,M7,C4,204.75
TX2023144,26-01-2023,M3,C2,211.02
TX2023146,26-01-2023,M7,C4,875.88
TX2023148,27-01-2023,M3,C2,277.52
TX2023150,28-01-2023,M1,C1,539.81
TX2023154,28-01-2023,M4,C3,1367.11
TX2023155,01-02-2023,M2,C2,1349.67
TX2023160,01-02-2023,M5,C3,1019.83
TX2023162,02-02-2023,M8,C3,1461.61
TX2023164,02-02-2023,M2,C2,117.4
TX2023165,02-02-2023,M8,C3,1413.34
TX2023166,02-02-2023,M2,C2,1367.3
TX2023168,03-02-2023,M5,C3,1143.29
TX2023170,03-02-2023,M7,C4,1438.72
TX2023173,03-02-2023,M1,C1,913.53
TX2023175,03-02-2023,M5,C3,762.67
TX2023176,04-02-2023,M4,C3,1378.36
TX2023177,04-02-2023,M3,C2,608.3
TX2023178,04-02-2023,M7,C4,662.23
TX2023179,04-02-2023,M7,C4,1494.41
TX2023183,06-02-2023,M8,C3,1256.59
TX2023184,06-02-2023,M5,C3,662.54
TX2023185,06-02-2023,M5,C3,329.33
TX2023187,07-02-2023,M5,C3,512.86
TX2023188,07-02-2023,M4,C3,1095.48
TX2023194,08-02-2023,M3,C2,1411.09
TX2023197,09-02-2023,M1,C1,352.56
TX2023202,09-02-2023,M8,C3,853.77
TX2023203,10-02-2023,M8,C3,665.62
TX2023204,10-02-2023,M5,C3,446.52
TX2023205,10-02-2023,M2,C2,1331.57
TX2023208,11-02-2023,M5,C3,277.63
TX2023209,11-02-2023,M8,C3,653.91
TX2023211,11-02-2023,M4,C3,1319.78
TX2023213,12-02-2023,M6,C4,1012.39
TX2023214,12-02-2023,M6,C4,1001.06
TX2023217,12-02-2023,M7,C4,138.12
TX2023218,12-02-2023,M7,C4,1387.95
TX2023220,13-02-2023,M2,C2,509.93
TX2023222,14-02-2023,M3,C2,1022.79
TX2023223,14-02-2023,M7,C4,847.68
TX2023224,14-02-2023,M1,C1,877.59
TX2023225,14-02-2023,M6,C4,381.05
TX2023228,14-02-2023,M3,C2,496.96
TX2023235,15-02-2023,M2,C2,211.4
TX2023236,16-02-2023,M8,C3,464.73
TX2023237,16-02-2023,M3,C2,473.88
TX2023238,16-02-2023,M8,C3,1210.83
TX2023239,16-02-2023,M2,C2,1271.16
TX2023246,17-02-2023,M1,C1,1478.94
TX2023248,17-02-2023,M1,C1,69.1
TX2023255,18-02-2023,M3,C2,422.31
TX2023256,18-02-2023,M1,C1,1185.79
TX2023257,18-02-2023,M7,C4,363.99
TX2023258,19-02-2023,M4,C3,486.01
TX2023260,19-02-2023,M1,C1,369.15
TX2023264,20-02-2023,M2,C2,154.04
TX2023265,20-02-2023,M1,C1,202.87
TX2023267,21-02-2023,M7,C4,314.31
TX2023268,21-02-2023,M2,C2,1334.07
TX2023271,22-02-2023,M3,C2,688.52
TX2023272,22-02-2023,M4,C3,514.08
TX2023273,22-02-2023,M1,C1,1206.82
TX2023275,22-02-2023,M2,C2,92.46
TX2023276,22-02-2023,M1,C1,1177.91
TX2023277,22-02-2023,M6,C4,490.44
TX2023278,22-02-2023,M2,C2,1330.58
TX2023279,23-02-2023,M8,C3,362.73
TX2023282,23-02-2023,M2,C2,1269.07
TX2023284,23-02-2023,M5,C3,1417.72
TX2023287,24-02-2023,M4,C3,538.94
TX2023288,24-02-2023,M4,C3,1445.82
TX2023289,24-02-2023,M4,C3,614.19
TX2023290,24-02-2023,M7,C4,1250.74
TX2023292,25-02-2023,M4,C3,1231.92
TX2023296,25-02-2023,M7,C4,687.26
TX2023297,26-02-2023,M5,C3,479.67
TX2023298,26-02-2023,M6,C4,211.91
TX2023300,26-02-2023,M8,C3,255.99
TX2023304,27-02-2023,M5,C3,652.25
TX2023305,27-02-2023,M4,C3,674.28
TX2023306,27-02-2023,M1,C1,576.15
TX2023307,27-02-2023,M2,C2,357.49
TX2023309,27-02-2023,M7,C4,800.24
TX2023310,27-02-2023,M7,C4,569.79
TX2023314,01-03-2023,M5,C3,1048.66
TX2023315,01-03-2023,M2,C2,760.82
TX2023317,01-03-2023,M1,C1,734.58
TX2023319,02-03-2023,M8,C3,208.06
TX2023326,03-03-2023,M1,C1,1191.44
TX2023327,03-03-2023,M2,C2,977.32
TX2023328,03-03-2023,M3,C2,1219.72
TX2023329,04-03-2023,M4,C3,218.16
TX2023332,04-03-2023,M2,C2,719.15
TX2023333,05-03-2023,M3,C2,1142.45
TX2023336,05-03-2023,M1,C1,584.99
TX2023338,06-03-2023,M1,C1,254.82
TX2023339,06-03-2023,M2,C2,715.5
TX2023342,07-03-2023,M3,C2,192.17
TX2023344,07-03-2023,M7,C4,492.77
TX2023346,08-03-2023,M8,C3,973.29
TX2023347,08-03-2023,M3,C2,354.9
TX2023349,08-03-2023,M6,C4,1179.03
TX2023350,08-03-2023,M4,C3,495.64
TX2023351,09-03-2023,M5,C3,413.27
TX2023352,09-03-2023,M6,C4,998.15
TX2023357,10-03-2023,M4,C3,851.06
TX2023363,11-03-2023,M5,C3,460.85
TX2023364,11-03-2023,M1,C1,992.72
TX2023368,12-03-2023,M6,C4,708.55
TX2023369,12-03-2023,M3,C2,504.9
TX2023370,12-03-2023,M2,C2,1369.9
TX2023371,12-03-2023,M7,C4,74.46
TX2023372,12-03-2023,M4,C3,1028.97
TX2023373,12-03-2023,M3,C2,459.96
TX2023374,13-03-2023,M4,C3,621.42
TX2023376,13-03-2023,M3,C2,855.23
TX2023378,13-03-2023,M7,C4,68.72
TX2023379,13-03-2023,M4,C3,1130.77
TX2023381,14-03-2023,M1,C1,1457.81
TX2023382,14-03-2023,M7,C4,1042.62
TX2023384,14-03-2023,M8,C3,219.76
TX2023385,15-03-2023,M8,C3,456.49
TX2023386,15-03-2023,M7,C4,903.38
TX2023387,15-03-2023,M2,C2,377.61
TX2023388,15-03-2023,M8,C3,848.74
TX2023390,16-03-2023,M3,C2,193.06
TX2023392,17-03-2023,M2,C2,368.58
TX2023394,17-03-2023,M8,C3,851.95
TX2023395,17-03-2023,M4,C3,225.46
TX2023396,17-03-2023,M7,C4,1318.68
TX2023402,19-03-2023,M4,C3,1256.28
TX2023404,20-03-2023,M7,C4,979.29
TX2023405,20-03-2023,M2,C2,346.61
TX2023410,21-03-2023,M5,C3,1008.64
TX2023413,21-03-2023,M7,C4,1182.72
TX2023416,22-03-2023,M5,C3,458.29
TX2023424,24-03-2023,M7,C4,368.56
TX2023426,24-03-2023,M2,C2,1412.13
TX2023429,25-03-2023,M1,C1,902.48
TX2023431,25-03-2023,M5,C3,775.77
TX2023434,25-03-2023,M1,C1,1071.58
TX2023437,26-03-2023,M2,C2,1135.32
TX2023438,26-03-2023,M8,C3,152.62
TX2023439,26-03-2023,M7,C4,168.39
TX2023448,28-03-2023,M5,C3,136.6
TX2023451,28-03-2023,M7,C4,550.18
TX2023452,28-03-2023,M6,C4,861.42
TX2023455,01-04-2023,M4,C3,665.62
TX2023456,01-04-2023,M4,C3,987.77
TX2023458,02-04-2023,M5,C3,1254.8
TX2023459,02-04-2023,M5,C3,121.31
TX2023460,02-04-2023,M4,C3,485.15
TX2023462,03-04-2023,M6,C4,719.94
TX2023464,04-04-2023,M5,C3,841.9
TX2023472,06-04-2023,M1,C1,206.43
TX2023473,06-04-2023,M1,C1,1366.93
TX2023474,06-04-2023,M3,C2,1264.67
TX2023478,06-04-2023,M5,C3,620.52
TX2023481,07-04-2023,M3,C2,1425.26
TX2023483,07-04-2023,M3,C2,692.92
TX2023485,07-04-2023,M8,C3,1147.33
TX2023486,07-04-2023,M7,C4,82.65
TX2023490,09-04-2023,M1,C1,518.53
TX2023491,09-04-2023,M6,C4,603.65
TX2023493,09-04-2023,M8,C3,301.45
TX2023495,10-04-2023,M2,C2,1125.06
TX2023497,10-04-2023,M3,C2,120.1
TX2023505,10-04-2023,M4,C3,1050.9
TX2023506,11-04-2023,M3,C2,913.19
TX2023507,11-04-2023,M7,C4,1497.45
TX2023508,11-04-2023,M1,C1,58.63
TX2023509,11-04-2023,M2,C2,92.5
TX2023513,12-04-2023,M5,C3,419.74
TX2023515,12-04-2023,M1,C1,1302.91
TX2023517,13-04-2023,M8,C3,1332.33
TX2023518,13-04-2023,M3,C2,371.53
TX2023519,13-04-2023,M6,C4,98.44
TX2023522,14-04-2023,M7,C4,880.66
TX2023523,14-04-2023,M3,C2,1258.26
TX2023525,14-04-2023,M7,C4,226.59
TX2023526,15-04-2023,M1,C1,686.87
TX2023527,15-04-2023,M5,C3,785.47
TX2023532,16-04-2023,M6,C4,1029.91
TX2023533,16-04-2023,M4,C3,481.85
TX2023535,17-04-2023,M1,C1,1401.12
TX2023536,17-04-2023,M7,C4,885.39
TX2023538,17-04-2023,M1,C1,566.08
TX2023539,18-04-2023,M7,C4,811.63
TX2023540,18-04-2023,M8,C3,262.95
TX2023542,18-04-2023,M6,C4,1337.2
TX2023543,18-04-2023,M7,C4,998.28
TX2023546,18-04-2023,M5,C3,1394.02
TX2023549,19-04-2023,M1,C1,771.59
TX2023551,19-04-2023,M1,C1,1113.18
TX2023552,19-04-2023,M7,C4,188.27
TX2023555,20-04-2023,M4,C3,1403.06
TX2023557,20-04-2023,M3,C2,53.46
TX2023558,20-04-2023,M2,C2,468.72
TX2023561,20-04-2023,M7,C4,729.07
TX2023562,21-04-2023,M4,C3,427.13
TX2023563,21-04-2023,M2,C2,1252.6
TX2023566,21-04-2023,M7,C4,882.75
TX2023568,21-04-2023,M5,C3,1427.83
TX2023569,21-04-2023,M3,C2,779.11
TX2023571,22-04-2023,M8,C3,812.31
TX2023573,22-04-2023,M4,C3,68.84
TX2023575,22-04-2023,M3,C2,772.14
TX2023577,22-04-2023,M2,C2,1014.67
TX2023580,23-04-2023,M4,C3,559.44
TX2023583,23-04-2023,M1,C1,926.55
TX2023587,24-04-2023,M1,C1,1458.33
TX2023591,24-04-2023,M8,C3,956.7
TX2023595,25-04-2023,M2,C2,1402.1
TX2023596,25-04-2023,M3,C2,1001.18
TX2023597,25-04-2023,M5,C3,1344.59
TX2023598,25-04-2023,M7,C4,1000.19
TX2023599,25-04-2023,M3,C2,941.38
TX2023600,26-04-2023,M3,C2,1480.76
TX2023602,26-04-2023,M2,C2,298.05
TX2023604,26-04-2023,M2,C2,372.21
TX2023605,26-04-2023,M1,C1,1464.02
TX2023606,26-04-2023,M5,C3,191.28
TX2023607,27-04-2023,M5,C3,770.26
TX2023608,27-04-2023,M7,C4,1239.16
TX2023612,27-04-2023,M7,C4,101.69
TX2023620,28-04-2023,M5,C3,265.76
TX2023622,01-05-2023,M5,C3,197.37
TX2023623,01-05-2023,M6,C4,992.02
TX2023624,01-05-2023,M6,C4,1325.79
TX2023626,01-05-2023,M5,C3,978.84
TX2023628,01-05-2023,M5,C3,594.86
TX2023629,01-05-2023,M7,C4,882.97
TX2023630,02-05-2023,M5,C3,888.42
TX2023631,02-05-2023,M1,C1,132.84
TX2023632,02-05-2023,M6,C4,1244.06
TX2023633,02-05-2023,M7,C4,453.18
TX2023635,03-05-2023,M4,C3,456.68
TX2023636,03-05-2023,M8,C3,969.91
TX2023638,03-05-2023,M8,C3,228.47
TX2023639,03-05-2023,M6,C4,119.4
TX2023641,03-05-2023,M5,C3,65.39
TX2023642,03-05-2023,M2,C2,755.81
TX2023644,04-05-2023,M6,C4,1459.94
TX2023646,04-05-2023,M7,C4,1451.86
TX2023648,05-05-2023,M2,C2,716.41
TX2023649,05-05-2023,M1,C1,1485.91
TX2023653,05-05-2023,M4,C3,189.01
TX2023655,05-05-2023,M8,C3,368.09
TX2023656,05-05-2023,M8,C3,713.67
TX2023659,06-05-2023,M8,C3,1159.88
TX2023660,06-05-2023,M3,C2,1347.8
TX2023662,06-05-2023,M7,C4,140.54
TX2023665,06-05-2023,M2,C2,719.04
TX2023666,06-05-2023,M8,C3,1200.19
TX2023668,07-05-2023,M4,C3,641.0
TX2023670,07-05-2023,M5,C3,1260.65
TX2023673,07-05-2023,M2,C2,121.56
TX2023674,08-05-2023,M7,C4,524.6
TX2023676,08-05-2023,M7,C4,337.88
TX2023680,08-05-2023,M6,C4,372.61
TX2023681,08-05-2023,M2,C2,809.95
TX2023682,08-05-2023,M3,C2,236.07
TX2023684,09-05-2023,M5,C3,1466.49
TX2023687,10-05-2023,M2,C2,384.3
TX2023690,10-05-2023,M6,C4,1125.44
TX2023692,11-05-2023,M8,C3,1030.66
TX2023695,12-05-2023,M7,C4,1092.06
TX2023696,12-05-2023,M8,C3,1441.59
TX2023697,12-05-2023,M5,C3,811.74
TX2023699,13-05-2023,M4,C3,56.66
TX2023700,13-05-2023,M1,C1,778.28
TX2023701,13-05-2023,M1,C1,646.56
TX2023703,13-05-2023,M5,C3,96.2
TX2023705,13-05-2023,M8,C3,1186.63
TX2023706,13-05-2023,M4,C3,1012.64
TX2023707,13-05-2023,M6,C4,638.57
TX2023708,14-05-2023,M4,C3,199.92
TX2023710,14-05-2023,M3,C2,597.95
TX2023712,15-05-2023,M3,C2,543.56
TX2023713,15-05-2023,M2,C2,1496.0
TX2023715,15-05-2023,M6,C4,462.03
TX2023716,15-05-2023,M4,C3,395.88
TX2023717,16-05-2023,M3,C2,379.28
TX2023718,16-05-2023,M6,C4,1430.94
TX2023721,16-05-2023,M6,C4,629.45
TX2023723,16-05-2023,M4,C3,345.53
TX2023725,17-05-2023,M8,C3,50.13
TX2023730,18-05-2023,M3,C2,1188.51
TX2023731,19-05-2023,M3,C2,425.28
TX2023732,19-05-2023,M4,C3,179.85
TX2023739,19-05-2023,M2,C2,454.4
TX2023741,19-05-2023,M6,C4,754.26
TX2023743,20-05-2023,M3,C2,1084.07
TX2023747,20-05-2023,M1,C1,269.5
TX2023748,20-05-2023,M6,C4,418.2
TX2023749,21-05-2023,M7,C4,1225.89
TX2023751,21-05-2023,M3,C2,236.02
TX2023753,21-05-2023,M7,C4,540.62
TX2023755,21-05-2023,M1,C1,374.04
TX2023757,22-05-2023,M5,C3,1411.17
TX2023761,23-05-2023,M5,C3,1470.54
TX2023763,23-05-2023,M8,C3,1090.18
TX2023764,23-05-2023,M3,C2,1247.87
TX2023765,23-05-2023,M7,C4,333.31
TX2023766,23-05-2023,M1,C1,1195.0
TX2023769,24-05-2023,M6,C4,838.86
TX2023770,24-05-2023,M5,C3,231.82
TX2023771,24-05-2023,M8,C3,474.81
TX2023776,25-05-2023,M3,C2,546.83
TX2023779,25-05-2023,M5,C3,175.76
TX2023780,25-05-2023,M1,C1,1235.19
TX2023782,26-05-2023,M4,C3,499.81
TX2023792,28-05-2023,M1,C1,1132.41
TX2023796,01-06-2023,M6,C4,955.19
TX2023797,01-06-2023,M2,C2,1254.34
TX2023798,01-06-2023,M1,C1,1381.26
TX2023800,02-06-2023,M6,C4,1408.01
TX2023801,02-06-2023,M5,C3,1229.01
TX2023803,02-06-2023,M5,C3,231.41
TX2023804,02-06-2023,M3,C2,899.46
TX2023810,04-06-2023,M2,C2,1277.64
TX2023811,04-06-2023,M7,C4,332.84
TX2023815,04-06-2023,M8,C3,1479.48
TX2023816,04-06-2023,M6,C4,1020.96
TX2023828,06-06-2023,M4,C3,777.18
TX2023830,06-06-2023,M2,C2,982.49
TX2023833,07-06-2023,M1,C1,1294.91
TX2023836,07-06-2023,M4,C3,985.84
TX2023839,07-06-2023,M1,C1,1126.51
TX2023840,08-06-2023,M5,C3,1051.24
TX2023844,08-06-2023,M3,C2,1206.03
TX2023845,08-06-2023,M5,C3,1245.14
TX2023847,08-06-2023,M8,C3,311.39
TX2023848,08-06-2023,M4,C3,765.03
TX2023849,08-06-2023,M3,C2,332.14
TX2023850,09-06-2023,M4,C3,1008.63
TX2023852,09-06-2023,M6,C4,252.84
TX2023853,09-06-2023,M8,C3,367.04
TX2023854,09-06-2023,M2,C2,313.99
TX2023859,11-06-2023,M6,C4,652.13
TX2023864,11-06-2023,M8,C3,1101.97
TX2023865,11-06-2023,M4,C3,300.34
TX2023867,12-06-2023,M2,C2,636.19
TX2023873,13-06-2023,M7,C4,142.78
TX2023876,13-06-2023,M1,C1,507.69
TX2023879,14-06-2023,M2,C2,331.15
TX2023880,14-06-2023,M2,C2,52.61
TX2023882,14-06-2023,M6,C4,578.31
TX2023884,14-06-2023,M5,C3,1354.81
TX2023886,14-06-2023,M5,C3,1401.74
TX2023888,15-06-2023,M3,C2,1066.13
TX2023892,15-06-2023,M8,C3,1303.88
TX2023894,16-06-2023,M4,C3,165.66
TX2023897,16-06-2023,M1,C1,1323.03
TX2023898,17-06-2023,M4,C3,68.77
TX2023899,17-06-2023,M8,C3,1052.02
TX2023900,17-06-2023,M4,C3,267.9
TX2023902,18-06-2023,M8,C3,1120.46
TX2023904,18-06-2023,M6,C4,1410.72
TX2023906,19-06-2023,M8,C3,659.79
TX2023909,19-06-2023,M5,C3,1107.74
TX2023910,19-06-2023,M8,C3,69.95
TX2023914,20-06-2023,M6,C4,490.76
TX2023915,20-06-2023,M1,C1,919.12
TX2023918,20-06-2023,M6,C4,1389.42
TX2023919,20-06-2023,M2,C2,1315.99
TX2023921,21-06-2023,M5,C3,813.04
TX2023923,21-06-2023,M4,C3,911.71
TX2023924,22-06-2023,M8,C3,926.89
TX2023928,22-06-2023,M7,C4,720.28
TX2023930,23-06-2023,M6,C4,511.2
TX2023931,23-06-2023,M6,C4,1411.98
TX2023934,23-06-2023,M6,C4,564.86
TX2023937,24-06-2023,M7,C4,130.54
TX2023938,24-06-2023,M3,C2,1188.65
TX2023939,24-06-2023,M4,C3,1281.16
TX2023942,24-06-2023,M8,C3,283.89
TX2023944,24-06-2023,M4,C3,1157.17
TX2023946,25-06-2023,M1,C1,249.43
TX2023947,25-06-2023,M3,C2,810.48
TX2023948,25-06-2023,M6,C4,1495.01
TX2023952,26-06-2023,M2,C2,993.11
TX2023953,26-06-2023,M3,C2,881.96
TX2023956,26-06-2023,M4,C3,1159.25
TX2023957,26-06-2023,M8,C3,759.36
TX2023961,26-06-2023,M4,C3,484.31
TX2023962,27-06-2023,M2,C2,564.59
TX2023963,27-06-2023,M7,C4,286.68
TX2023971,28-06-2023,M4,C3,1226.77
TX2023973,28-06-2023,M7,C4,903.28
TX2023974,28-06-2023,M7,C4,462.71
TX2023975,01-07-2023,M3,C2,512.57
TX2023976,01-07-2023,M2,C2,213.09
TX2023979,01-07-2023,M8,C3,1414.18
TX2023980,01-07-2023,M8,C3,631.64
TX2023982,01-07-2023,M6,C4,1331.91
TX2023983,01-07-2023,M6,C4,1039.52
TX2023984,02-07-2023,M7,C4,821.37
TX2023986,02-07-2023,M2,C2,535.86
TX2023990,03-07-2023,M6,C4,315.11
TX2023993,04-07-2023,M6,C4,304.65
TX2023995,04-07-2023,M6,C4,235.05
TX2023996,04-07-2023,M1,C1,1283.98
TX2023997,04-07-2023,M3,C2,635.84
TX20231002,04-07-2023,M4,C3,1045.3
TX20231003,05-07-2023,M3,C2,1312.79
TX20231005,05-07-2023,M8,C3,1212.91
TX20231006,05-07-2023,M6,C4,1344.8
TX20231007,05-07-2023,M4,C3,638.23
TX20231008,05-07-2023,M8,C3,1439.46
TX20231013,06-07-2023,M5,C3,1025.69
TX20231015,07-07-2023,M3,C2,1152.51
TX20231017,07-07-2023,M7,C4,167.23
TX20231018,09-07-2023,M3,C2,372.48
TX20231020,09-07-2023,M7,C4,1435.95
TX20231021,09-07-2023,M2,C2,525.21
TX20231023,10-07-2023,M3,C2,474.02
TX20231025,10-07-2023,M2,C2,742.76
TX20231027,10-07-2023,M4,C3,1124.72
TX20231031,11-07-2023,M7,C4,1404.25
TX20231033,11-07-2023,M4,C3,401.12
TX20231034,11-07-2023,M3,C2,1305.04
TX20231035,12-07-2023,M3,C2,770.7
TX20231036,12-07-2023,M3,C2,536.06
TX20231043,14-07-2023,M5,C3,1130.73
TX20231047,14-07-2023,M2,C2,467.73
TX20231050,15-07-2023,M6,C4,796.55
TX20231054,15-07-2023,M5,C3,719.44
TX20231056,16-07-2023,M8,C3,1335.68
TX20231058,16-07-2023,M6,C4,1047.44
TX20231060,16-07-2023,M1,C1,1215.53
TX20231061,16-07-2023,M2,C2,741.16
TX20231065,17-07-2023,M6,C4,727.99
TX20231068,18-07-2023,M4,C3,1257.05
TX20231070,18-07-2023,M7,C4,345.31
TX20231076,19-07-2023,M5,C3,596.25
TX20231078,19-07-2023,M5,C3,51.24
TX20231081,20-07-2023,M2,C2,842.63
TX20231083,20-07-2023,M3,C2,997.42
TX20231085,20-07-2023,M7,C4,1393.79
TX20231087,21-07-2023,M6,C4,786.47
TX20231089,21-07-2023,M4,C3,865.09
TX20231090,21-07-2023,M6,C4,1069.22
TX20231092,21-07-2023,M4,C3,1079.63
TX20231096,22-07-2023,M8,C3,77.26
TX20231097,22-07-2023,M1,C1,1078.41
TX20231099,22-07-2023,M7,C4,845.07
TX20231100,23-07-2023,M5,C3,1094.73
TX20231102,23-07-2023,M8,C3,1268.27
TX20231103,24-07-2023,M8,C3,314.71
TX20231104,24-07-2023,M4,C3,429.82
TX20231105,24-07-2023,M1,C1,300.51
TX20231106,24-07-2023,M3,C2,199.4
TX20231107,24-07-2023,M4,C3,476.76
TX20231108,24-07-2023,M8,C3,170.16
TX20231109,24-07-2023,M3,C2,980.28
TX20231110,25-07-2023,M7,C4,1201.85
TX20231113,25-07-2023,M6,C4,346.68
TX20231118,26-07-2023,M5,C3,1154.4
TX20231120,26-07-2023,M1,C1,867.9
TX20231121,27-07-2023,M5,C3,1002.97
TX20231122,27-07-2023,M2,C2,359.06
TX20231126,27-07-2023,M3,C2,951.54
TX20231128,28-07-2023,M8,C3,490.21
TX20231129,28-07-2023,M2,C2,279.02
TX20231130,28-07-2023,M1,C1,274.75
TX20231131,28-07-2023,M4,C3,885.35
TX20231132,28-07-2023,M3,C2,985.14
TX20231133,28-07-2023,M3,C2,1298.02
TX20231137,01-08-2023,M7,C4,793.39
TX20231138,01-08-2023,M3,C2,732.32
TX20231140,01-08-2023,M1,C1,750.69
TX20231141,01-08-2023,M6,C4,600.05
TX20231144,02-08-2023,M8,C3,1478.64
TX20231145,02-08-2023,M4,C3,365.1
TX20231146,02-08-2023,M8,C3,1463.37
TX20231149,02-08-2023,M3,C2,170.7
TX20231151,02-08-2023,M7,C4,1060.4
TX20231152,03-08-2023,M6,C4,714.4
TX20231154,04-08-2023,M6,C4,1107.33
TX20231155,04-08-2023,M4,C3,629.19
TX20231159,04-08-2023,M5,C3,797.97
TX20231161,05-08-2023,M1,C1,863.46
TX20231162,05-08-2023,M5,C3,262.83
TX20231163,05-08-2023,M4,C3,287.81
TX20231164,05-08-2023,M3,C2,1348.28
TX20231165,06-08-2023,M3,C2,108.91
TX20231167,06-08-2023,M5,C3,434.43
TX20231169,06-08-2023,M6,C4,631.99
TX20231171,07-08-2023,M5,C3,487.7
TX20231173,07-08-2023,M4,C3,453.13
TX20231179,09-08-2023,M7,C4,222.61
TX20231183,09-08-2023,M8,C3,1461.53
TX20231184,09-08-2023,M5,C3,429.97
TX20231185,09-08-2023,M2,C2,1497.87
TX20231186,09-08-2023,M3,C2,1252.01
TX20231187,09-08-2023,M3,C2,1352.36
TX20231190,10-08-2023,M6,C4,200.77
TX20231192,10-08-2023,M3,C2,1251.26
TX20231193,10-08-2023,M6,C4,1299.53
TX20231194,10-08-2023,M2,C2,1066.26
TX20231202,11-08-2023,M6,C4,946.97
TX20231203,11-08-2023,M1,C1,774.87
TX20231204,12-08-2023,M4,C3,304.08
TX20231205,12-08-2023,M1,C1,1199.1
TX20231206,12-08-2023,M7,C4,1323.91
TX20231210,13-08-2023,M6,C4,974.06
TX20231211,14-08-2023,M2,C2,1398.61
TX20231212,14-08-2023,M2,C2,751.55
TX20231214,14-08-2023,M7,C4,287.33
TX20231217,15-08-2023,M2,C2,326.14
TX20231218,15-08-2023,M2,C2,1430.79
TX20231220,15-08-2023,M1,C1,368.34
TX20231221,15-08-2023,M7,C4,582.6
TX20231223,15-08-2023,M8,C3,427.71
TX20231224,16-08-2023,M8,C3,1379.16
TX20231225,16-08-2023,M7,C4,785.21
TX20231226,16-08-2023,M3,C2,992.86
TX20231228,16-08-2023,M2,C2,1048.33
TX20231229,16-08-2023,M4,C3,421.77
TX20231230,16-08-2023,M6,C4,439.36
TX20231231,16-08-2023,M4,C3,1461.52
TX20231232,16-08-2023,M8,C3,1202.54
TX20231233,17-08-2023,M2,C2,1339.41
TX20231234,17-08-2023,M7,C4,75.18
TX20231237,17-08-2023,M4,C3,395.88
TX20231238,17-08-2023,M4,C3,1220.0
TX20231239,17-08-2023,M8,C3,900.21
TX20231242,17-08-2023,M3,C2,157.22
TX20231243,18-08-2023,M6,C4,997.6
TX20231244,18-08-2023,M1,C1,1370.46
TX20231245,18-08-2023,M3,C2,612.27
TX20231246,18-08-2023,M2,C2,467.46
TX20231249,18-08-2023,M6,C4,1491.37
TX20231250,18-08-2023,M4,C3,142.28
TX20231251,19-08-2023,M8,C3,481.22
TX20231253,19-08-2023,M7,C4,148.17
TX20231255,19-08-2023,M3,C2,1106.49
TX20231257,19-08-2023,M6,C4,1056.35
TX20231259,20-08-2023,M1,C1,1229.77
TX20231261,20-08-2023,M6,C4,765.86
TX20231264,20-08-2023,M6,C4,442.42
TX20231265,20-08-2023,M8,C3,460.14
TX20231267,21-08-2023,M1,C1,476.84
TX20231269,21-08-2023,M5,C3,125.38
TX20231272,21-08-2023,M8,C3,967.27
TX20231274,21-08-2023,M8,C3,1239.85
TX20231275,22-08-2023,M3,C2,1360.93
TX20231283,24-08-2023,M4,C3,1008.99
TX20231288,24-08-2023,M5,C3,1456.02
TX20231289,24-08-2023,M8,C3,1019.31
TX20231290,25-08-2023,M1,C1,919.01
TX20231292,25-08-2023,M5,C3,254.19
TX20231293,25-08-2023,M5,C3,892.83
TX20231294,25-08-2023,M5,C3,871.59
TX20231296,26-08-2023,M6,C4,1443.19
TX20231297,26-08-2023,M7,C4,848.01
TX20231298,26-08-2023,M5,C3,58.35
TX20231299,26-08-2023,M2,C2,635.45
TX20231301,26-08-2023,M6,C4,726.43
TX20231302,26-08-2023,M8,C3,763.03
TX20231304,27-08-2023,M2,C2,617.25
TX20231307,27-08-2023,M8,C3,688.33
TX20231310,28-08-2023,M4,C3,184.54
TX20231311,01-09-2023,M2,C2,587.38
TX20231312,01-09-2023,M4,C3,1315.11
TX20231315,01-09-2023,M3,C2,386.36
TX20231317,01-09-2023,M2,C2,412.92
TX20231319,02-09-2023,M7,C4,879.69
TX20231320,02-09-2023,M2,C2,1350.49
TX20231321,02-09-2023,M2,C2,840.78
TX20231325,03-09-2023,M3,C2,1309.51
TX20231326,03-09-2023,M7,C4,1360.44
TX20231331,03-09-2023,M7,C4,144.56
TX20231332,03-09-2023,M5,C3,701.97
TX20231333,04-09-2023,M6,C4,807.09
TX20231338,04-09-2023,M7,C4,658.84
TX20231339,04-09-2023,M4,C3,1054.66
TX20231340,04-09-2023,M2,C2,464.23
TX20231341,04-09-2023,M5,C3,825.01
TX20231342,05-09-2023,M8,C3,1302.02
TX20231343,05-09-2023,M3,C2,244.59
TX20231346,05-09-2023,M4,C3,785.84
TX20231348,06-09-2023,M6,C4,159.63
TX20231349,06-09-2023,M4,C3,406.14
TX20231352,06-09-2023,M2,C2,308.56
TX20231356,08-09-2023,M4,C3,142.73
TX20231357,08-09-2023,M3,C2,1266.02
TX20231358,08-09-2023,M2,C2,105.58
TX20231359,08-09-2023,M6,C4,1425.26
TX20231360,09-09-2023,M6,C4,1070.25
TX20231362,09-09-2023,M2,C2,1235.84
TX20231364,09-09-2023,M8,C3,324.4
TX20231367,10-09-2023,M7,C4,1490.78
TX20231370,10-09-2023,M2,C2,324.26
TX20231371,10-09-2023,M4,C3,546.94
TX20231372,10-09-2023,M5,C3,959.18
TX20231375,10-09-2023,M1,C1,1346.06
TX20231376,11-09-2023,M5,C3,278.33
TX20231378,11-09-2023,M3,C2,269.09
TX20231379,11-09-2023,M3,C2,148.31
TX20231382,12-09-2023,M7,C4,967.73
TX20231384,12-09-2023,M2,C2,1197.08
TX20231386,12-09-2023,M1,C1,250.29
TX20231387,12-09-2023,M1,C1,460.04
TX20231390,13-09-2023,M3,C2,124.71
TX20231391,13-09-2023,M3,C2,125.29
TX20231392,13-09-2023,M2,C2,922.36
TX20231394,14-09-2023,M5,C3,232.32
TX20231396,14-09-2023,M2,C2,485.79
TX20231398,14-09-2023,M2,C2,255.53
TX20231399,14-09-2023,M8,C3,677.56
TX20231403,15-09-2023,M5,C3,1054.68
TX20231404,16-09-2023,M7,C4,1289.02
TX20231407,16-09-2023,M6,C4,527.87
TX20231408,16-09-2023,M4,C3,1194.11
TX20231410,16-09-2023,M1,C1,1401.18
TX20231411,16-09-2023,M7,C4,1360.67
TX20231413,17-09-2023,M3,C2,1362.08
TX20231415,18-09-2023,M1,C1,434.55
TX20231416,18-09-2023,M6,C4,1213.0
TX20231417,18-09-2023,M8,C3,1335.62
TX20231423,18-09-2023,M4,C3,243.51
TX20231424,18-09-2023,M7,C4,953.91
TX20231426,19-09-2023,M6,C4,315.48
TX20231428,19-09-2023,M7,C4,890.69
TX20231431,20-09-2023,M4,C3,713.29
TX20231435,20-09-2023,M1,C1,1065.04
TX20231436,21-09-2023,M8,C3,755.53
TX20231439,22-09-2023,M7,C4,1047.67
TX20231444,23-09-2023,M5,C3,1200.6
TX20231445,23-09-2023,M2,C2,730.21
TX20231447,23-09-2023,M8,C3,1095.88
TX20231450,24-09-2023,M6,C4,333.88
TX20231451,24-09-2023,M5,C3,1295.68
TX20231453,25-09-2023,M4,C3,1190.73
TX20231454,25-09-2023,M4,C3,130.86
TX20231458,26-09-2023,M2,C2,316.57
TX20231459,26-09-2023,M6,C4,704.89
TX20231461,26-09-2023,M5,C3,569.56
TX20231463,27-09-2023,M1,C1,86.71
TX20231465,27-09-2023,M4,C3,221.37
TX20231467,27-09-2023,M4,C3,1196.79
TX20231469,27-09-2023,M8,C3,1244.61
TX20231471,27-09-2023,M2,C2,737.83
TX20231472,28-09-2023,M4,C3,1337.13
TX20231474,28-09-2023,M3,C2,896.28
TX20231476,28-09-2023,M5,C3,188.44
TX20231477,28-09-2023,M5,C3,72.71
TX20231478,01-10-2023,M8,C3,1419.87
TX20231479,01-10-2023,M7,C4,853.54
TX20231480,01-10-2023,M4,C3,1003.76
TX20231481,01-10-2023,M5,C3,488.75
TX20231482,01-10-2023,M3,C2,820.82
TX20231483,01-10-2023,M6,C4,581.31
TX20231484,01-10-2023,M8,C3,717.22
TX20231486,02-10-2023,M3,C2,1443.35
TX20231487,02-10-2023,M4,C3,340.49
TX20231488,02-10-2023,M1,C1,1371.54
TX20231489,02-10-2023,M6,C4,480.63
TX20231490,03-10-2023,M4,C3,316.29
TX20231492,03-10-2023,M4,C3,698.86
TX20231494,03-10-2023,M7,C4,752.53
TX20231495,03-10-2023,M8,C3,65.78
TX20231497,03-10-2023,M7,C4,1382.35
TX20231503,04-10-2023,M6,C4,755.38
TX20231505,04-10-2023,M1,C1,1369.74
TX20231506,05-10-2023,M8,C3,1125.6
TX20231508,05-10-2023,M3,C2,1277.53
TX20231510,05-10-2023,M4,C3,207.41
TX20231511,05-10-2023,M3,C2,1139.16
TX20231513,05-10-2023,M3,C2,1413.79
TX20231514,05-10-2023,M4,C3,208.36
TX20231516,05-10-2023,M5,C3,1307.75
TX20231518,06-10-2023,M2,C2,59.61
TX20231519,06-10-2023,M4,C3,849.41
TX20231522,06-10-2023,M7,C4,433.98
TX20231524,06-10-2023,M7,C4,878.03
TX20231526,06-10-2023,M3,C2,557.93
TX20231527,07-10-2023,M6,C4,847.93
TX20231528,07-10-2023,M5,C3,1116.32
TX20231529,07-10-2023,M4,C3,785.49
TX20231533,08-10-2023,M3,C2,1068.16
TX20231534,08-10-2023,M4,C3,315.94
TX20231537,09-10-2023,M7,C4,803.82
TX20231538,09-10-2023,M5,C3,1134.38
TX20231540,10-10-2023,M8,C3,873.6
TX20231541,10-10-2023,M4,C3,1064.38
TX20231542,10-10-2023,M8,C3,229.4
TX20231543,10-10-2023,M3,C2,344.12
TX20231546,11-10-2023,M3,C2,1229.26
TX20231548,12-10-2023,M7,C4,393.75
TX20231549,12-10-2023,M3,C2,681.79
TX20231550,12-10-2023,M2,C2,1457.72
TX20231558,13-10-2023,M5,C3,267.65
TX20231559,14-10-2023,M1,C1,1410.53
TX20231560,14-10-2023,M3,C2,1239.99
TX20231561,14-10-2023,M4,C3,1446.97
TX20231564,14-10-2023,M1,C1,556.73
TX20231565,14-10-2023,M7,C4,767.95
TX20231566,15-10-2023,M7,C4,993.28
TX20231570,15-10-2023,M7,C4,394.47
TX20231571,15-10-2023,M4,C3,696.79
TX20231575,15-10-2023,M7,C4,1238.65
TX20231577,15-10-2023,M3,C2,602.26
TX20231579,16-10-2023,M2,C2,1499.03
TX20231580,16-10-2023,M7,C4,603.17
TX20231581,16-10-2023,M6,C4,1495.97
TX20231582,17-10-2023,M5,C3,1098.86
TX20231583,17-10-2023,M7,C4,302.47
TX20231584,17-10-2023,M1,C1,525.59
TX20231585,17-10-2023,M1,C1,542.03
TX20231586,17-10-2023,M8,C3,1138.57
TX20231587,17-10-2023,M1,C1,154.71
TX20231590,18-10-2023,M3,C2,1473.36
TX20231591,18-10-2023,M2,C2,1494.81
TX20231594,18-10-2023,M3,C2,82.44
TX20231595,18-10-2023,M5,C3,570.2
TX20231596,18-10-2023,M2,C2,632.6
TX20231597,18-10-2023,M6,C4,989.11
TX20231600,18-10-2023,M3,C2,1440.99
TX20231601,19-10-2023,M4,C3,685.48
TX20231602,19-10-2023,M2,C2,448.41
TX20231603,19-10-2023,M3,C2,374.08
TX20231605,19-10-2023,M7,C4,1429.27
TX20231606,19-10-2023,M8,C3,1264.31
TX20231608,19-10-2023,M3,C2,1355.92
TX20231609,19-10-2023,M7,C4,357.72
TX20231615,20-10-2023,M4,C3,1039.71
TX20231617,20-10-2023,M3,C2,565.92
TX20231618,20-10-2023,M5,C3,1183.4
TX20231620,21-10-2023,M3,C2,657.5
TX20231629,22-10-2023,M2,C2,297.19
TX20231630,22-10-2023,M1,C1,53.63
TX20231632,23-10-2023,M4,C3,1176.47
TX20231633,23-10-2023,M8,C3,1365.27
TX20231637,23-10-2023,M3,C2,569.18
TX20231638,23-10-2023,M4,C3,130.61
TX20231641,24-10-2023,M8,C3,861.59
TX20231643,25-10-2023,M2,C2,978.28
TX20231644,25-10-2023,M1,C1,471.22
TX20231645,25-10-2023,M4,C3,474.53
TX20231646,25-10-2023,M3,C2,1374.2
TX20231647,26-10-2023,M2,C2,1326.56
TX20231648,26-10-2023,M4,C3,283.92
TX20231649,26-10-2023,M4,C3,1070.11
TX20231650,26-10-2023,M7,C4,1283.88
TX20231652,26-10-2023,M3,C2,905.72
TX20231655,27-10-2023,M8,C3,942.38
TX20231656,27-10-2023,M1,C1,159.15
TX20231660,28-10-2023,M6,C4,146.24
TX20231662,28-10-2023,M4,C3,861.31
TX20231663,28-10-2023,M1,C1,77.53
TX20231665,01-11-2023,M3,C2,206.0
TX20231670,03-11-2023,M8,C3,1249.24
TX20231675,03-11-2023,M2,C2,418.45
TX20231679,04-11-2023,M8,C3,624.96
TX20231680,04-11-2023,M5,C3,376.25
TX20231682,04-11-2023,M2,C2,800.2
TX20231686,04-11-2023,M4,C3,1166.95
TX20231687,05-11-2023,M1,C1,529.8
TX20231689,05-11-2023,M6,C4,478.36
TX20231690,05-11-2023,M2,C2,1151.62
TX20231691,05-11-2023,M2,C2,237.53
TX20231692,05-11-2023,M6,C4,1160.0
TX20231694,05-11-2023,M7,C4,757.8
TX20231696,06-11-2023,M4,C3,188.02
TX20231697,06-11-2023,M3,C2,456.89
TX20231698,06-11-2023,M8,C3,862.63
TX20231699,07-11-2023,M3,C2,169.59
TX20231700,07-11-2023,M4,C3,1179.37
TX20231702,07-11-2023,M4,C3,1382.27
TX20231705,08-11-2023,M6,C4,361.73
TX20231711,09-11-2023,M1,C1,887.97
TX20231713,10-11-2023,M6,C4,1177.88
TX20231715,10-11-2023,M7,C4,1031.35
TX20231716,10-11-2023,M3,C2,1440.72
TX20231720,11-11-2023,M1,C1,1480.63
TX20231731,13-11-2023,M3,C2,1280.08
TX20231732,13-11-2023,M8,C3,224.03
TX20231734,13-11-2023,M5,C3,683.9
TX20231735,14-11-2023,M6,C4,427.1
TX20231736,14-11-2023,M6,C4,962.41
TX20231738,14-11-2023,M3,C2,638.38
TX20231739,14-11-2023,M2,C2,208.19
TX20231740,14-11-2023,M4,C3,951.63
TX20231742,15-11-2023,M1,C1,1272.39
TX20231744,15-11-2023,M2,C2,1403.63
TX20231746,15-11-2023,M7,C4,256.9
TX20231747,15-11-2023,M2,C2,320.33
TX20231751,16-11-2023,M4,C3,456.26
TX20231753,16-11-2023,M4,C3,892.6
TX20231754,16-11-2023,M8,C3,1381.67
TX20231756,16-11-2023,M3,C2,1163.67
TX20231757,17-11-2023,M1,C1,605.81
TX20231758,17-11-2023,M6,C4,466.33
TX20231759,17-11-2023,M1,C1,542.34
TX20231761,17-11-2023,M4,C3,1038.91
TX20231762,17-11-2023,M8,C3,728.37
TX20231763,17-11-2023,M3,C2,1020.12
TX20231764,17-11-2023,M5,C3,632.13
TX20231765,17-11-2023,M1,C1,605.86
TX20231766,17-11-2023,M2,C2,807.42
TX20231767,17-11-2023,M3,C2,1365.21
TX20231771,19-11-2023,M6,C4,555.02
TX20231772,19-11-2023,M8,C3,407.83
TX20231773,19-11-2023,M7,C4,1035.55
TX20231776,19-11-2023,M7,C4,1448.38
TX20231777,20-11-2023,M8,C3,970.07
TX20231781,21-11-2023,M7,C4,228.12
TX20231784,21-11-2023,M1,C1,150.11
TX20231786,21-11-2023,M4,C3,706.22
TX20231790,22-11-2023,M5,C3,1493.54
TX20231791,22-11-2023,M6,C4,584.31
TX20231795,23-11-2023,M3,C2,97.63
TX20231796,23-11-2023,M4,C3,1357.56
TX20231797,23-11-2023,M2,C2,953.48
TX20231800,25-11-2023,M2,C2,774.18
TX20231801,25-11-2023,M2,C2,703.39
TX20231802,25-11-2023,M3,C2,86.26
TX20231807,26-11-2023,M5,C3,509.48
TX20231808,27-11-2023,M3,C2,557.34
TX20231809,27-11-2023,M2,C2,611.46
TX20231810,27-11-2023,M2,C2,686.84
TX20231811,27-11-2023,M5,C3,995.57
TX20231812,27-11-2023,M7,C4,529.54
TX20231813,27-11-2023,M2,C2,1293.47
TX20231820,28-11-2023,M8,C3,693.59
TX20231823,01-12-2023,M6,C4,1184.41
TX20231830,02-12-2023,M6,C4,1315.92
TX20231831,02-12-2023,M7,C4,475.51
TX20231832,02-12-2023,M4,C3,1381.51
TX20231833,02-12-2023,M3,C2,344.8
TX20231836,03-12-2023,M7,C4,1382.29
TX20231837,03-12-2023,M5,C3,1419.06
TX20231838,03-12-2023,M3,C2,463.18
TX20231839,03-12-2023,M4,C3,794.44
TX20231840,03-12-2023,M3,C2,1040.13
TX20231842,04-12-2023,M6,C4,96.67
TX20231845,04-12-2023,M5,C3,962.72
TX20231846,04-12-2023,M4,C3,667.54
TX20231847,04-12-2023,M8,C3,574.66
TX20231849,04-12-2023,M6,C4,1236.42
TX20231850,04-12-2023,M6,C4,670.54
TX20231851,04-12-2023,M7,C4,1107.65
TX20231853,05-12-2023,M4,C3,385.7
TX20231854,05-12-2023,M7,C4,982.92
TX20231855,05-12-2023,M6,C4,858.05
TX20231856,05-12-2023,M7,C4,1272.56
TX20231859,05-12-2023,M4,C3,408.67
TX20231861,05-12-2023,M7,C4,772.79
TX20231863,06-12-2023,M6,C4,723.38
TX20231864,06-12-2023,M1,C1,59.88
TX20231866,07-12-2023,M8,C3,1390.11
TX20231867,07-12-2023,M1,C1,258.7
TX20231868,07-12-2023,M3,C2,50.16
TX20231869,07-12-2023,M1,C1,1004.74
TX20231870,07-12-2023,M1,C1,646.03
TX20231871,07-12-2023,M2,C2,125.82
TX20231873,08-12-2023,M2,C2,896.22
TX20231877,08-12-2023,M3,C2,167.87
TX20231879,08-12-2023,M7,C4,924.67
TX20231881,08-12-2023,M2,C2,1284.65
TX20231882,09-12-2023,M1,C1,261.42
TX20231884,09-12-2023,M7,C4,57.75
TX20231885,09-12-2023,M8,C3,1382.64
TX20231887,10-12-2023,M2,C2,420.95
TX20231888,10-12-2023,M1,C1,906.36
TX20231890,10-12-2023,M7,C4,418.88
TX20231891,11-12-2023,M8,C3,648.22
TX20231893,11-12-2023,M3,C2,165.32
TX20231896,12-12-2023,M5,C3,1023.42
TX20231898,12-12-2023,M7,C4,1120.17
TX20231899,12-12-2023,M8,C3,364.96
TX20231900,12-12-2023,M7,C4,1493.37
TX20231901,12-12-2023,M4,C3,1027.23
TX20231904,12-12-2023,M3,C2,728.1
TX20231907,13-12-2023,M2,C2,84.51
TX20231910,13-12-2023,M3,C2,1232.0
TX20231911,13-12-2023,M4,C3,214.0
TX20231913,14-12-2023,M6,C4,1086.37
TX20231914,14-12-2023,M7,C4,168.55
TX20231917,14-12-2023,M5,C3,1298.19
TX20231918,14-12-2023,M5,C3,125.65
TX20231924,15-12-2023,M5,C3,901.22
TX20231926,15-12-2023,M7,C4,729.55
TX20231927,15-12-2023,M6,C4,1443.17
TX20231930,16-12-2023,M3,C2,243.98
TX20231931,16-12-2023,M7,C4,948.05
TX20231936,16-12-2023,M4,C3,889.43
TX20231937,16-12-2023,M8,C3,700.06
TX20231938,16-12-2023,M3,C2,986.83
TX20231942,17-12-2023,M1,C1,1129.8
TX20231943,17-12-2023,M8,C3,396.83
TX20231945,17-12-2023,M5,C3,1298.92
TX20231949,18-12-2023,M2,C2,849.56
TX20231950,18-12-2023,M8,C3,1254.69
TX20231951,18-12-2023,M3,C2,1310.97
TX20231955,19-12-2023,M6,C4,1471.92
TX20231956,20-12-2023,M7,C4,344.87
TX20231957,20-12-2023,M7,C4,1465.91
TX20231959,20-12-2023,M5,C3,1252.55
TX20231960,20-12-2023,M8,C3,808.04
TX20231962,20-12-2023,M4,C3,241.58
TX20231963,21-12-2023,M3,C2,549.5
TX20231964,21-12-2023,M4,C3,602.37
TX20231965,21-12-2023,M5,C3,510.79
TX20231966,21-12-2023,M6,C4,332.11
TX20231967,21-12-2023,M1,C1,922.65
TX20231969,22-12-2023,M3,C2,1212.84
TX20231970,22-12-2023,M6,C4,450.09
TX20231977,22-12-2023,M7,C4,580.32
TX20231979,23-12-2023,M6,C4,218.58
TX20231980,23-12-2023,M5,C3,165.61
TX20231982,23-12-2023,M8,C3,224.39
TX20231984,23-12-2023,M1,C1,975.79
TX20231989,24-12-2023,M1,C1,1126.03
TX20231990,24-12-2023,M7,C4,536.7
TX20231991,24-12-2023,M6,C4,141.49
TX20231992,24-12-2023,M5,C3,1304.85
TX20231993,24-12-2023,M4,C3,694.58
TX20231995,25-12-2023,M5,C3,1033.23
TX20231996,25-12-2023,M3,C2,1350.85
TX20231998,25-12-2023,M1,C1,69.03
TX20231999,25-12-2023,M8,C3,1361.68
TX20232002,26-12-2023,M2,C2,327.96
TX20232003,26-12-2023,M6,C4,353.45
TX20232005,26-12-2023,M5,C3,1240.91
TX20232006,26-12-2023,M3,C2,1046.92
TX20232008,26-12-2023,M7,C4,1313.29
TX20232010,26-12-2023,M8,C3,1449.18
TX20232011,26-12-2023,M3,C2,1367.07
TX20232012,27-12-2023,M4,C3,1221.9
TX20232014,27-12-2023,M6,C4,536.64
TX20232015,27-12-2023,M4,C3,435.51
TX20232016,27-12-2023,M2,C2,59.34
TX20232019,28-12-2023,M4,C3,866.53
TX20232020,28-12-2023,M8,C3,779.65
TX20232023,28-12-2023,M8,C3,1490.88
